{
  "MDVP:Fo(Hz)": {
    "min": 88.333,
    "max": 260.105
  },
  "MDVP:Fhi(Hz)": {
    "min": 102.145,
    "max": 592.03
  },
  "MDVP:Flo(Hz)": {
    "min": 65.476,
    "max": 239.17
  },
  "MDVP:Jitter(%)": {
    "min": 0.00168,
    "max": 0.03316
  },
  "MDVP:Jitter(Abs)": {
    "min": 7e-06,
    "max": 0.00026
  },
  "MDVP:RAP": {
    "min": 0.00068,
    "max": 0.02144
  },
  "MDVP:PPQ": {
    "min": 0.00092,
    "max": 0.01958
  },
  "Jitter:DDP": {
    "min": 0.00204,
    "max": 0.06433
  },
  "NHR": {
    "min": 0.00065,
    "max": 0.31482
  },
  "HNR": {
    "min": 8.441,
    "max": 33.047
  }
}