{
  "selected_model": "random_forest",
  "selection_metric": "roc_auc_then_balanced_accuracy",
  "candidate_metrics": {
    "logistic_regression": {
      "skipped": false,
      "reason": null,
      "metrics": {
        "accuracy": 0.625,
        "balanced_accuracy": 0.625,
        "roc_auc": 0.6770833333333334,
        "sensitivity": 0.625,
        "specificity": 0.625,
        "precision": 0.8333333333333334,
        "recall": 0.625,
        "f1": 0.7142857142857143,
        "confusion_matrix": [
          [
            5,
            3
          ],
          [
            9,
            15
          ]
        ]
      }
    },
    "random_forest": {
      "skipped": false,
      "reason": null,
      "metrics": {
        "accuracy": 0.71875,
        "balanced_accuracy": 0.6041666666666667,
        "roc_auc": 0.7239583333333334,
        "sensitivity": 0.8333333333333334,
        "specificity": 0.375,
        "precision": 0.8,
        "recall": 0.8333333333333334,
        "f1": 0.816326530612245,
        "confusion_matrix": [
          [
            3,
            5
          ],
          [
            4,
            20
          ]
        ]
      }
    },
    "gradient_boosting": {
      "skipped": false,
      "reason": null,
      "metrics": {
        "accuracy": 0.78125,
        "balanced_accuracy": 0.6458333333333333,
        "roc_auc": 0.5364583333333333,
        "sensitivity": 0.9166666666666666,
        "specificity": 0.375,
        "precision": 0.8148148148148148,
        "recall": 0.9166666666666666,
        "f1": 0.8627450980392156,
        "confusion_matrix": [
          [
            3,
            5
          ],
          [
            2,
            22
          ]
        ]
      }
    },
    "svc_rbf": {
      "skipped": false,
      "reason": null,
      "metrics": {
        "accuracy": 0.71875,
        "balanced_accuracy": 0.5625,
        "roc_auc": 0.6041666666666666,
        "sensitivity": 0.875,
        "specificity": 0.25,
        "precision": 0.7777777777777778,
        "recall": 0.875,
        "f1": 0.823529411764706,
        "confusion_matrix": [
          [
            2,
            6
          ],
          [
            3,
            21
          ]
        ]
      }
    },
    "xgboost": {
      "skipped": false,
      "reason": null,
      "metrics": {
        "accuracy": 0.71875,
        "balanced_accuracy": 0.5625,
        "roc_auc": 0.5572916666666667,
        "sensitivity": 0.875,
        "specificity": 0.25,
        "precision": 0.7777777777777778,
        "recall": 0.875,
        "f1": 0.823529411764706,
        "confusion_matrix": [
          [
            2,
            6
          ],
          [
            3,
            21
          ]
        ]
      }
    },
    "lightgbm": {
      "skipped": false,
      "reason": null,
      "metrics": {
        "accuracy": 0.75,
        "balanced_accuracy": 0.625,
        "roc_auc": 0.5885416666666666,
        "sensitivity": 0.875,
        "specificity": 0.375,
        "precision": 0.8076923076923077,
        "recall": 0.875,
        "f1": 0.8400000000000001,
        "confusion_matrix": [
          [
            3,
            5
          ],
          [
            3,
            21
          ]
        ]
      }
    }
  },
  "warnings": [
    "Evaluation mode: grouped_by_subject."
  ]
}